{
 "run": "noise_floor_psid_family_runs_9822",
 "data": "PSID family-file head/spouse labor income attached to persons; age 25-59, reference years 1998-2022, positive weights; window-3 runs view (two consecutive biennial transitions per window)",
 "method": "half_vs_half person-disjoint noise floor, seeds 0-4",
 "n_person_periods": 126867,
 "n_persons": 22300,
 "n_windows": 81654,
 "view": {
  "window": 3,
  "period_step": 2,
  "value_columns": [
   "earnings"
  ],
  "covariates": [
   "age"
  ]
 },
 "noise_floor_seeds_0_4": {
  "energy_distance": {
   "mean": 0.002111408382294666,
   "sd": 0.0016623292727304822,
   "values": [
    0.0022173579929760656,
    0.004832240594444315,
    0.001970975634469241,
    0.0008432143895296118,
    0.0006932533000540975
   ]
  },
  "c2st_auc": {
   "mean": 0.5071178136395951,
   "sd": 0.004881263522438667,
   "values": [
    0.5067361423198606,
    0.5141943922509722,
    0.509272587723945,
    0.501892406002565,
    0.5034935399006323
   ]
  },
  "prdc_precision": {
   "mean": 0.98349609375,
   "sd": 0.005667008258771154,
   "values": [
    0.98095703125,
    0.98876953125,
    0.984375,
    0.97509765625,
    0.98828125
   ]
  },
  "prdc_recall": {
   "mean": 0.98203125,
   "sd": 0.005496147193459066,
   "values": [
    0.986328125,
    0.97412109375,
    0.98779296875,
    0.9794921875,
    0.982421875
   ]
  },
  "prdc_density": {
   "mean": 1.0420312500000002,
   "sd": 0.018898767929689385,
   "values": [
    1.03974609375,
    1.0501953125,
    1.0482421875,
    1.01103515625,
    1.0609375
   ]
  },
  "prdc_coverage": {
   "mean": 0.96396484375,
   "sd": 0.005750535359545815,
   "values": [
    0.97265625,
    0.95849609375,
    0.962890625,
    0.95947265625,
    0.96630859375
   ]
  },
  "w1_over_sd.earnings_t2": {
   "mean": 0.020834571513216996,
   "sd": 0.005091567313468678,
   "values": [
    0.02310347156253174,
    0.028624785773804003,
    0.016379868375777446,
    0.019107492159800815,
    0.01695723969417097
   ]
  },
  "q90_ratio.earnings_t2": {
   "mean": 0.998941691753789,
   "sd": 0.04862456145784001,
   "values": [
    1.0294117647058822,
    0.9345794392523364,
    0.9714285714285714,
    1.0591755946168269,
    1.0001130887653276
   ]
  },
  "q99_ratio.earnings_t2": {
   "mean": 1.0119052021045918,
   "sd": 0.0928866535990003,
   "values": [
    0.8990088770053406,
    1.0408179874934533,
    0.9310344827586207,
    1.0743116463875229,
    1.1143530168780222
   ]
  }
 }
}
